taxon_id,name,latin,order,family,weighted_records,province_count,base_rarity,range_bonus,iucn_category,iucn_bonus,iucn_trend,rarity_index
4541,虎头海雕,Haliaeetus pelagicus,鹰形目,鹰科,0.8,4,7.9532,2.2059,VU,0.35,Decreasing,9.66
4432,灰翅鸥,Larus glaucescens,鸻形目,鸥科,1.8,1,7.8825,2.4265,LC,0.0,Increasing,9.63
4442,中华凤头燕鸥,Thalasseus bernsteini,鸻形目,鸥科,11.5,8,7.4072,1.9118,CR,1.0,Decreasing,9.63
4831,东亚蝗莺,Helopsaltes pleskei,雀形目,蝗莺科,1.9,5,7.8744,2.1324,VU,0.175,Stable,9.61
4213,花田鸡,Coturnicops exquisitus,鹤形目,秧鸡科,1.9,9,7.8744,1.8382,VU,0.35,Decreasing,9.59
4231,白鹤,Leucogeranus leucogeranus,鹤形目,鹤科,0.8,19,7.9569,1.1029,CR,1.0,Decreasing,9.59
4319,海鸬鹚,Phalacrocorax pelagicus,鲣鸟目,鸬鹚科,0.4,6,7.9830,2.0588,LC,0.0,Unknown,9.59
4411,白顶玄燕鸥,Anous stolidus,鸻形目,鸥科,2.2,6,7.8492,2.0588,LC,0.0,Stable,9.57
4458,中贼鸥,Stercorarius pomarinus,鸻形目,贼鸥科,2.7,6,7.8180,2.0588,LC,0.0,Stable,9.56
4920,日本柳莺,Phylloscopus xanthodryas,雀形目,柳莺科,2.5,6,7.8352,2.0588,LC,0.0,Stable,9.56
4262,楔尾鹱,Ardenna pacifica,鹱形目,鹱科,1.5,8,7.9042,1.9118,LC,0.0,Decreasing,9.55
4311,黑腹军舰鸟,Fregata minor,鲣鸟目,军舰鸟科,8.1,3,7.5332,2.2794,LC,0.0,Decreasing,9.55
4394,灰瓣蹼鹬,Phalaropus fulicarius,鸻形目,鹬科,0.7,9,7.9641,1.8382,LC,0.0,Unknown,9.55
5179,粉红椋鸟,Pastor roseus,雀形目,椋鸟科,0.7,9,7.9677,1.8382,LC,0.0,Stable,9.55
4236,丹顶鹤,Grus japonensis,鹤形目,鹤科,3.5,12,7.7661,1.6176,VU,0.35,Decreasing,9.54
4086,丝绒海番鸭,Melanitta fusca,雁形目,鸭科,18.2,5,7.2114,2.1324,VU,0.35,Decreasing,9.53
4259,白额鹱,Calonectris leucomelas,鹱形目,鹱科,0.9,12,7.9458,1.6176,NT,0.15,Decreasing,9.53
4447,乌燕鸥,Onychoprion fuscatus,鸻形目,鸥科,3.6,8,7.7599,1.9118,LC,0.0,Unknown,9.53
4901,欧柳莺,Phylloscopus trochilus,雀形目,柳莺科,8.9,4,7.4986,2.2059,LC,0.0,Decreasing,9.53
4178,灰喉针尾雨燕,Hirundapus cochinchinensis,夜鹰目,雨燕科,3.5,9,7.7661,1.8382,LC,0.0,Decreasing,9.52
4288,栗头鳽,Gorsachius goisagi,鹈形目,鹭科,11.3,9,7.4116,1.8382,VU,0.35,Decreasing,9.52
4340,欧金鸻,Pluvialis apricaria,鸻形目,鸻科,9.3,5,7.4850,2.1324,LC,0.0,Stable,9.52
4347,白脸鸻,Charadrius dealbatus,鸻形目,鸻科,6.9,6,7.5856,2.0588,LC,0.0,Unknown,9.52
5394,林鹨,Anthus trivialis,雀形目,鹡鸰科,1.9,10,7.8744,1.7647,LC,0.0,Decreasing,9.52
4416,叉尾鸥,Xema sabini,鸻形目,鸥科,22.5,1,7.1117,2.4265,LC,0.0,Stable,9.51
5244,白腹暗蓝鹟,Cyanoptila cumatilis,雀形目,鹟科,1.3,14,7.9216,1.4706,NT,0.15,Decreasing,9.51
4228,紫水鸡,Porphyrio poliocephalus,鹤形目,秧鸡科,2.8,11,7.8113,1.6912,LC,0.0,Unknown,9.50
4456,长尾贼鸥,Stercorarius longicaudus,鸻形目,贼鸥科,3.8,10,7.7478,1.7647,LC,0.0,Stable,9.50
4792,中亚短趾百灵,Alaudala heinei,雀形目,百灵科,8.1,7,7.5332,1.9853,LC,0.0,Stable,9.50
5229,海南蓝仙鹟,Cyornis hainanus,雀形目,鹟科,0.9,13,7.9495,1.5441,LC,0.0,Decreasing,9.49
5451,红腹灰雀,Pyrrhula pyrrhula,雀形目,燕雀科,1.9,12,7.8744,1.6176,LC,0.0,Decreasing,9.49
4450,黑枕燕鸥,Sterna sumatrana,鸻形目,鸥科,7.2,9,7.5720,1.8382,LC,0.0,Unknown,9.41
4712,灰背伯劳,Lanius tephronotus,雀形目,伯劳科,0.6,15,7.9712,1.3971,LC,0.0,Stable,9.37
4128,大红鹳,Phoenicopterus roseus,红鹳目,红鹳科,1.8,14,7.8818,1.4706,LC,0.0,Increasing,9.35
4815,远东苇莺,Acrocephalus tangorum,雀形目,苇莺科,1.6,19,7.8974,1.1029,VU,0.35,Decreasing,9.35
4477,北领角鸮,Otus semitorques,鸮形目,鸱鸮科,0.6,16,7.9746,1.3235,LC,0.0,Decreasing,9.30
5287,琉球姬鹟,Ficedula owstoni,雀形目,鹟科,11.9,8,7.3921,1.9118,LC,0.0,Stable,9.30
4706,红背伯劳,Lanius collurio,雀形目,伯劳科,14.7,7,7.3054,1.9853,LC,0.0,Stable,9.29
5495,蓝鹀,Emberiza siemsseni,雀形目,鹀科,0.7,16,7.9641,1.3235,LC,0.0,Stable,9.29
5202,灰头鸫,Turdus rubrocanus,雀形目,鸫科,0.9,16,7.9458,1.3235,LC,0.0,Decreasing,9.27
5338,橙腹叶鹎,Chloropsis lazulina,雀形目,叶鹎科,0.9,16,7.9458,1.3235,LC,0.0,Decreasing,9.27
4939,短翅树莺,Horornis diphone,雀形目,树莺科,17.0,7,7.2421,1.9853,LC,0.0,Stable,9.23
4406,小青脚鹬,Tringa guttifer,鸻形目,鹬科,24.2,13,7.0760,1.5441,EN,0.6,Decreasing,9.22
4883,林柳莺,Phylloscopus sibilatrix,雀形目,柳莺科,20.6,6,7.1539,2.0588,LC,0.0,Decreasing,9.21
5175,紫背椋鸟,Agropsar philippensis,雀形目,椋鸟科,15.1,8,7.2948,1.9118,LC,0.0,Unknown,9.21
4449,粉红燕鸥,Sterna dougallii,鸻形目,鸥科,12.8,9,7.3645,1.8382,LC,0.0,Unknown,9.20
4457,短尾贼鸥,Stercorarius parasiticus,鸻形目,贼鸥科,10.8,10,7.4297,1.7647,LC,0.0,Stable,9.19
4445,白腰燕鸥,Onychoprion aleuticus,鸻形目,鸥科,25.2,10,7.0558,1.7647,VU,0.35,Decreasing,9.17
4200,八声杜鹃,Cacomantis merulinus,鹃形目,杜鹃科,2.6,16,7.8221,1.3235,LC,0.0,Stable,9.15
5503,日本灰头鹀,Emberiza personata,雀形目,鹀科,27.5,5,7.0116,2.1324,LC,0.0,Stable,9.14
4305,岩鹭,Egretta sacra,鹈形目,鹭科,15.2,9,7.2925,1.8382,LC,0.0,Stable,9.13
5358,叉尾太阳鸟,Aethopyga christinae,雀形目,花蜜鸟科,1.9,17,7.8744,1.2500,LC,0.0,Decreasing,9.12
4214,西秧鸡,Rallus aquaticus,鹤形目,秧鸡科,2.7,17,7.8187,1.2500,LC,0.0,Unknown,9.07
4793,短趾百灵,Alaudala cheleensis,雀形目,百灵科,0.7,19,7.9641,1.1029,LC,0.0,Decreasing,9.07
4963,白喉林莺,Curruca curruca,雀形目,莺鹛科,1.6,18,7.8967,1.1765,LC,0.0,Stable,9.07
4088,黑海番鸭,Melanitta americana,雁形目,鸭科,42.3,5,6.7778,2.1324,NT,0.15,Decreasing,9.06
4068,疣鼻天鹅,Cygnus olor,雁形目,鸭科,2.2,18,7.8520,1.1765,LC,0.0,Increasing,9.03
5442,北朱雀,Carpodacus roseus,雀形目,燕雀科,3.4,17,7.7724,1.2500,LC,0.0,Stable,9.02
5493,白头鹀,Emberiza leucocephalos,雀形目,鹀科,0.9,20,7.9458,1.0294,LC,0.0,Decreasing,8.98
4473,斑头鸺鹠,Glaucidium cuculoides,鸮形目,鸱鸮科,0.8,21,7.9605,0.9559,LC,0.0,Increasing,8.92
4324,黄脚三趾鹑,Turnix tanki,鸻形目,三趾鹑科,0.8,21,7.9532,0.9559,LC,0.0,Stable,8.91
5022,棕颈钩嘴鹛,Pomatorhinus ruficollis,雀形目,林鹛科,0.9,21,7.9495,0.9559,LC,0.0,Stable,8.91
5480,褐头鹀,Emberiza bruniceps,雀形目,鹀科,42.9,5,6.7709,2.1324,LC,0.0,Increasing,8.90
4785,中华短趾百灵,Calandrella dukhunensis,雀形目,百灵科,3.9,19,7.7418,1.1029,LC,0.0,Unknown,8.84
4516,林雕,Ictinaetus malaiensis,鹰形目,鹰科,4.3,19,7.7178,1.1029,LC,0.0,Decreasing,8.82
4233,白枕鹤,Antigone vipio,鹤形目,鹤科,6.5,18,7.6037,1.1765,LC,0.0,Unknown,8.78
4814,钝翅苇莺,Acrocephalus concinens,雀形目,苇莺科,2.7,21,7.8180,0.9559,LC,0.0,Stable,8.77
4675,赤红山椒鸟,Pericrocotus speciosus,雀形目,山椒鸟科,15.6,14,7.2799,1.4706,LC,0.0,Unknown,8.75
5088,黑领噪鹛,Pterorhinus pectoralis,雀形目,噪鹛科,3.7,22,7.7544,0.8824,LC,0.0,Decreasing,8.64
5181,橙头地鸫,Geokichla citrina,雀形目,鸫科,5.0,21,7.6769,0.9559,LC,0.0,Decreasing,8.63
4828,苍眉蝗莺,Helopsaltes fasciolatus,雀形目,蝗莺科,49.5,8,6.6872,1.9118,LC,0.0,Stable,8.60
4581,白胸翡翠,Halcyon smyrnensis,佛法僧目,翠鸟科,8.5,20,7.5167,1.0294,LC,0.0,Increasing,8.55
5286,绿背姬鹟,Ficedula elisae,雀形目,鹟科,12.6,18,7.3693,1.1765,LC,0.0,Unknown,8.55
4577,冠鱼狗,Megaceryle lugubris,佛法僧目,翠鸟科,1.9,25,7.8744,0.6618,LC,0.0,Decreasing,8.54
5504,硫黄鹀,Emberiza sulphurata,雀形目,鹀科,56.7,8,6.6055,1.9118,LC,0.0,Stable,8.52
4763,沼泽山雀,Poecile palustris,雀形目,山雀科,27.2,14,7.0172,1.4706,LC,0.0,Decreasing,8.49
4903,叽喳柳莺,Phylloscopus collybita,雀形目,柳莺科,9.9,20,7.4622,1.0294,LC,0.0,Stable,8.49
4906,白眶鹟莺,Phylloscopus intermedius,雀形目,柳莺科,23.4,15,7.0925,1.3971,LC,0.0,Stable,8.49
4146,灰斑鸠,Streptopelia decaocto,鸽形目,鸠鸽科,6.5,22,7.6018,0.8824,LC,0.0,Increasing,8.48
4435,灰背鸥,Larus schistisagus,鸻形目,鸥科,41.7,11,6.7867,1.6912,LC,0.0,Unknown,8.48
5236,白喉林鹟,Cyornis brunneatus,雀形目,鹟科,46.0,15,6.7302,1.3971,VU,0.35,Decreasing,8.48
4150,斑尾鹃鸠,Macropygia unchall,鸽形目,鸠鸽科,49.3,10,6.6890,1.7647,LC,0.0,Decreasing,8.45
4504,黑冠鹃隼,Aviceda leuphotes,鹰形目,鹰科,10.9,20,7.4244,1.0294,LC,0.0,Decreasing,8.45
4911,比氏鹟莺,Phylloscopus valentini,雀形目,柳莺科,16.7,18,7.2503,1.1765,LC,0.0,Decreasing,8.43
5137,欧亚旋木雀,Certhia familiaris,雀形目,旋木雀科,20.1,17,7.1655,1.2500,LC,0.0,Stable,8.42
4472,领鸺鹠,Glaucidium brodiei,鸮形目,鸱鸮科,8.9,22,7.4998,0.8824,LC,0.0,Decreasing,8.38
5296,棕胸蓝姬鹟,Ficedula hyperythra,雀形目,鹟科,38.2,13,6.8356,1.5441,LC,0.0,Decreasing,8.38
5380,家麻雀,Passer domesticus,雀形目,雀科,9.5,22,7.4773,0.8824,LC,0.0,Decreasing,8.36
4878,绿翅短脚鹎,Ixos mcclellandii,雀形目,鹎科,9.8,22,7.4641,0.8824,LC,0.0,Decreasing,8.35
4897,华西柳莺,Phylloscopus occisinensis,雀形目,柳莺科,23.0,17,7.1006,1.2500,LC,0.0,Unknown,8.35
4888,云南柳莺,Phylloscopus yunnanensis,雀形目,柳莺科,14.4,20,7.3127,1.0294,LC,0.0,Stable,8.34
4847,淡色崖沙燕,Riparia diluta,雀形目,燕科,10.2,22,7.4515,0.8824,LC,0.0,Unknown,8.33
5310,蓝额红尾鸲,Phoenicurus frontalis,雀形目,鹟科,18.8,20,7.1978,1.0294,LC,0.0,Stable,8.23
5404,布氏鹨,Anthus godlewskii,雀形目,鹡鸰科,9.2,24,7.4888,0.7353,LC,0.0,Stable,8.22
4492,雕鸮,Bubo bubo,鸮形目,鸱鸮科,1.4,30,7.9140,0.2941,LC,0.0,Decreasing,8.21
4803,黄腹山鹪莺,Prinia flaviventris,雀形目,扇尾莺科,30.9,17,6.9513,1.2500,LC,0.0,Unknown,8.20
4419,棕头鸥,Chroicocephalus brunnicephalus,鸻形目,鸥科,4.0,28,7.7358,0.4412,LC,0.0,Unknown,8.18
5397,粉红胸鹨,Anthus roseatus,雀形目,鹡鸰科,1.7,30,7.8892,0.2941,LC,0.0,Stable,8.18
5156,鹪鹩,Troglodytes troglodytes,雀形目,鹪鹩科,4.2,28,7.7270,0.4412,LC,0.0,Increasing,8.17
4484,长耳鸮,Asio otus,鸮形目,鸱鸮科,9.2,25,7.4881,0.6618,LC,0.0,Decreasing,8.15
4929,华南冠纹柳莺,Phylloscopus goodsoni,雀形目,柳莺科,43.9,15,6.7571,1.3971,LC,0.0,Decreasing,8.15
5208,黑喉鸫,Turdus atrogularis,雀形目,鸫科,19.3,21,7.1844,0.9559,LC,0.0,Decreasing,8.14
4415,三趾鸥,Rissa tridactyla,鸻形目,鸥科,13.5,28,7.3396,0.4412,VU,0.35,Decreasing,8.13
4440,大凤头燕鸥,Thalasseus bergii,鸻形目,鸥科,84.3,10,6.3545,1.7647,LC,0.0,Stable,8.12
4372,勺嘴鹬,Calidris pygmaea,鸻形目,鹬科,327.9,10,5.3485,1.7647,CR,1.0,Decreasing,8.11
5479,黑头鹀,Emberiza melanocephala,雀形目,鹀科,60.1,13,6.5706,1.5441,LC,0.0,Unknown,8.11
4349,青藏沙鸻,Charadrius atrifrons,鸻形目,鸻科,21.3,21,7.1374,0.9559,LC,0.0,Decreasing,8.09
4853,毛脚燕,Delichon urbicum,雀形目,燕科,11.2,25,7.4157,0.6618,LC,0.0,Stable,8.08
5282,紫啸鸫,Myophonus caeruleus,雀形目,鹟科,5.7,28,7.6426,0.4412,LC,0.0,Decreasing,8.08
4923,栗头鹟莺,Phylloscopus castaniceps,雀形目,柳莺科,16.4,23,7.2594,0.8088,LC,0.0,Decreasing,8.07
5324,灰林䳭,Saxicola ferreus,雀形目,鹟科,16.1,23,7.2651,0.8088,LC,0.0,Stable,8.07
4510,秃鹫,Aegypius monachus,鹰形目,鹰科,26.7,22,7.0276,0.8824,NT,0.15,Decreasing,8.06
4220,斑胁田鸡,Zapornia paykullii,鹤形目,秧鸡科,60.1,16,6.5706,1.3235,NT,0.15,Decreasing,8.04
4084,长尾鸭,Clangula hyemalis,雁形目,鸭科,46.5,21,6.7233,0.9559,VU,0.35,Decreasing,8.03
4893,棕眉柳莺,Phylloscopus armandii,雀形目,柳莺科,28.6,21,6.9923,0.9559,LC,0.0,Stable,7.95
4720,松鸦,Garrulus glandarius,雀形目,鸦科,4.2,31,7.7230,0.2206,LC,0.0,Stable,7.94
4227,董鸡,Gallicrex cinerea,鹤形目,秧鸡科,22.3,23,7.1162,0.8088,LC,0.0,Decreasing,7.93
4083,小白额雁,Anser erythropus,雁形目,鸭科,45.3,23,6.7396,0.8088,VU,0.35,Decreasing,7.90
4517,乌雕,Clanga clanga,鹰形目,鹰科,10.4,33,7.4432,0.0735,VU,0.35,Decreasing,7.87
5382,山麻雀,Passer cinnamomeus,雀形目,雀科,9.2,29,7.4904,0.3676,LC,0.0,Stable,7.86
4511,蛇雕,Spilornis cheela,鹰形目,鹰科,17.5,26,7.2299,0.5882,LC,0.0,Decreasing,7.82
4189,小白腰雨燕,Apus nipalensis,夜鹰目,雨燕科,24.2,24,7.0750,0.7353,LC,0.0,Increasing,7.81
4271,黑鹳,Ciconia nigra,鹳形目,鹳科,6.9,31,7.5856,0.2206,LC,0.0,Unknown,7.81
4909,灰冠鹟莺,Phylloscopus tephrocephalus,雀形目,柳莺科,44.7,20,6.7467,1.0294,LC,0.0,Decreasing,7.78
4446,褐翅燕鸥,Onychoprion anaethetus,鸻形目,鸥科,125.7,11,6.0818,1.6912,LC,0.0,Unknown,7.77
4886,淡眉柳莺,Phylloscopus humei,雀形目,柳莺科,26.3,24,7.0343,0.7353,LC,0.0,Decreasing,7.77
4865,黄臀鹎,Pycnonotus xanthorrhous,雀形目,鹎科,40.6,21,6.8014,0.9559,LC,0.0,Stable,7.76
4216,灰胸秧鸡,Lewinia striata,鹤形目,秧鸡科,84.1,15,6.3561,1.3971,LC,0.0,Unknown,7.75
4381,斑胸滨鹬,Calidris melanotos,鸻形目,鹬科,97.3,14,6.2590,1.4706,LC,0.0,Unknown,7.73
4101,赤嘴潜鸭,Netta rufina,雁形目,鸭科,18.8,27,7.1966,0.5147,LC,0.0,Stable,7.71
5485,三道眉草鹀,Emberiza cioides,雀形目,鹀科,14.0,29,7.3257,0.3676,LC,0.0,Stable,7.69
4698,黑枕王鹟,Hypothymis azurea,雀形目,王鹟科,105.4,14,6.2045,1.4706,LC,0.0,Decreasing,7.68
5470,红交嘴雀,Loxia curvirostra,雀形目,燕雀科,27.4,25,7.0135,0.6618,LC,0.0,Decreasing,7.68
4759,杂色山雀,Sittiparus varius,雀形目,山雀科,235.3,6,5.6147,2.0588,LC,0.0,Decreasing,7.67
5304,赭红尾鸲,Phoenicurus ochruros,雀形目,鹟科,47.5,21,6.7120,0.9559,LC,0.0,Increasing,7.67
5207,赤胸鸫,Turdus chrysolaus,雀形目,鸫科,165.7,10,5.8816,1.7647,LC,0.0,Decreasing,7.65
4205,北棕腹鹰鹃,Hierococcyx hyperythrus,鹃形目,杜鹃科,51.0,21,6.6701,0.9559,LC,0.0,Decreasing,7.63
4832,北蝗莺,Helopsaltes ochotensis,雀形目,蝗莺科,228.5,7,5.6374,1.9853,LC,0.0,Unknown,7.62
4092,中华秋沙鸭,Mergus squamatus,雁形目,鸭科,69.1,27,6.4831,0.5147,EN,0.6,Decreasing,7.60
5004,栗颈凤鹛,Staphida torqueola,雀形目,绣眼鸟科,68.3,19,6.4900,1.1029,LC,0.0,Decreasing,7.59
4672,灰喉山椒鸟,Pericrocotus solaris,雀形目,山椒鸟科,70.0,19,6.4749,1.1029,LC,0.0,Decreasing,7.58
4221,红脚田鸡,Zapornia akool,鹤形目,秧鸡科,103.2,16,6.2188,1.3235,LC,0.0,Unknown,7.54
4921,堪察加柳莺,Phylloscopus examinandus,雀形目,柳莺科,247.8,8,5.5741,1.9118,LC,0.0,Stable,7.49
5012,日本绣眼鸟,Zosterops japonicus,雀形目,绣眼鸟科,304.0,6,5.4104,2.0588,LC,0.0,Unknown,7.47
4677,琉球山椒鸟,Pericrocotus tegimae,雀形目,山椒鸟科,290.7,7,5.4466,1.9853,LC,0.0,Increasing,7.43
5209,赤颈鸫,Turdus ruficollis,雀形目,鸫科,33.7,27,6.9046,0.5147,LC,0.0,Unknown,7.42
4343,剑鸻,Charadrius hiaticula,鸻形目,鸻科,146.2,15,5.9736,1.3971,LC,0.0,Stable,7.37
4384,长嘴半蹼鹬,Limnodromus scolopaceus,鸻形目,鹬科,113.9,18,6.1508,1.1765,LC,0.0,Decreasing,7.33
4854,烟腹毛脚燕,Delichon dasypus,雀形目,燕科,22.8,31,7.1042,0.2206,LC,0.0,Increasing,7.32
4998,灰头鸦雀,Psittiparus gularis,雀形目,鸦雀科,127.3,17,6.0728,1.2500,LC,0.0,Unknown,7.32
4177,白喉针尾雨燕,Hirundapus caudacutus,夜鹰目,雨燕科,27.2,30,7.0172,0.2941,LC,0.0,Stable,7.31
5226,褐胸鹟,Muscicapa muttui,雀形目,鹟科,68.3,23,6.4902,0.8088,LC,0.0,Decreasing,7.30
4069,大天鹅,Cygnus cygnus,雁形目,鸭科,64.5,24,6.5268,0.7353,LC,0.0,Increasing,7.26
5312,白顶溪鸲,Phoenicurus leucocephalus,雀形目,鹟科,58.6,25,6.5857,0.6618,LC,0.0,Stable,7.25
4286,黑苇鳽,Ixobrychus flavicollis,鹈形目,鹭科,116.3,19,6.1364,1.1029,LC,0.0,Unknown,7.24
4466,草鸮,Tyto longimembris,鸮形目,草鸮科,195.8,14,5.7564,1.4706,LC,0.0,Decreasing,7.23
4527,松雀鹰,Accipiter virgatus,鹰形目,鹰科,39.0,29,6.8246,0.3676,LC,0.0,Decreasing,7.19
4912,淡尾鹟莺,Phylloscopus soror,雀形目,柳莺科,80.9,23,6.3817,0.8088,LC,0.0,Decreasing,7.19
4243,红喉潜鸟,Gavia stellata,潜鸟目,潜鸟科,315.4,10,5.3804,1.7647,LC,0.0,Decreasing,7.15
4223,小田鸡,Zapornia pusilla,鹤形目,秧鸡科,49.4,28,6.6882,0.4412,LC,0.0,Unknown,7.13
4219,红胸田鸡,Zapornia fusca,鹤形目,秧鸡科,58.9,27,6.5825,0.5147,LC,0.0,Unknown,7.10
5174,北椋鸟,Agropsar sturninus,雀形目,椋鸟科,26.7,33,7.0265,0.0735,LC,0.0,Unknown,7.10
4329,蛎鹬,Haematopus ostralegus,鸻形目,蛎鹬科,215.0,17,5.6846,1.2500,NT,0.15,Decreasing,7.08
4087,斑脸海番鸭,Melanitta stejnegeri,雁形目,鸭科,132.5,20,6.0445,1.0294,LC,0.0,Decreasing,7.07
5176,灰背椋鸟,Sturnia sinensis,雀形目,椋鸟科,133.2,20,6.0403,1.0294,LC,0.0,Stable,7.07
4142,黑林鸽,Columba janthina,鸽形目,鸠鸽科,540.6,5,4.9238,2.1324,LC,0.0,Stable,7.06
4322,绿背鸬鹚,Phalacrocorax capillatus,鲣鸟目,鸬鹚科,351.6,10,5.2909,1.7647,LC,0.0,Unknown,7.06
4872,白喉红臀鹎,Pycnonotus aurigaster,雀形目,鹎科,228.8,15,5.6365,1.3971,LC,0.0,Decreasing,7.03
4426,遗鸥,Ichthyaetus relictus,鸻形目,鸥科,130.8,21,6.0538,0.9559,LC,0.0,Unknown,7.01
4819,厚嘴苇莺,Arundinax aedon,雀形目,苇莺科,73.7,28,6.4418,0.4412,LC,0.0,Decreasing,6.88
4098,棉凫,Nettapus coromandelianus,雁形目,鸭科,77.4,28,6.4108,0.4412,LC,0.0,Unknown,6.85
5258,日本歌鸲,Larvivora akahige,雀形目,鹟科,293.7,15,5.4382,1.3971,LC,0.0,Decreasing,6.84
5393,北鹨,Anthus gustavi,雀形目,鹡鸰科,310.2,15,5.3939,1.3971,LC,0.0,Stable,6.79
4104,青头潜鸭,Aythya baeri,雁形目,鸭科,308.3,29,5.3989,0.3676,CR,1.0,Decreasing,6.77
4741,达乌里寒鸦,Corvus dauuricus,雀形目,鸦科,62.2,31,6.5490,0.2206,LC,0.0,Stable,6.77
5311,红尾水鸲,Phoenicurus fuliginosus,雀形目,鹟科,70.3,30,6.4723,0.2941,LC,0.0,Stable,6.77
4310,白斑军舰鸟,Fregata ariel,鲣鸟目,军舰鸟科,301.2,16,5.4180,1.3235,LC,0.0,Decreasing,6.74
4928,冠纹柳莺,Phylloscopus claudiae,雀形目,柳莺科,116.8,26,6.1337,0.5882,LC,0.0,Decreasing,6.72
4126,角䴙䴘,Podiceps auritus,䴙䴘目,䴙䴘科,257.2,23,5.5445,0.8088,VU,0.35,Decreasing,6.70
4244,黑喉潜鸟,Gavia arctica,潜鸟目,潜鸟科,385.2,14,5.2150,1.4706,LC,0.0,Decreasing,6.69
4882,栗耳短脚鹎,Hypsipetes amaurotis,雀形目,鹎科,424.2,13,5.1335,1.5441,LC,0.0,Increasing,6.68
5215,宝兴歌鸫,Turdus mupinensis,雀形目,鸫科,123.2,26,6.0962,0.5882,LC,0.0,Unknown,6.68
4285,栗苇鳽,Ixobrychus cinnamomeus,鹈形目,鹭科,113.3,27,6.1548,0.5147,LC,0.0,Unknown,6.67
4582,蓝翡翠,Halcyon pileata,佛法僧目,翠鸟科,138.6,30,6.0123,0.2941,VU,0.35,Decreasing,6.66
4880,栗背短脚鹎,Hemixos castanonotus,雀形目,鹎科,214.0,21,5.6884,0.9559,LC,0.0,Increasing,6.64
4209,东方中杜鹃,Cuculus optatus,鹃形目,杜鹃科,273.0,19,5.4970,1.1029,LC,0.0,Decreasing,6.60
4427,渔鸥,Ichthyaetus ichthyaetus,鸻形目,鸥科,101.1,29,6.2327,0.3676,LC,0.0,Unknown,6.60
4918,库页岛柳莺,Phylloscopus borealoides,雀形目,柳莺科,648.3,9,4.7624,1.8382,LC,0.0,Decreasing,6.60
4307,卷羽鹈鹕,Pelecanus crispus,鹈形目,鹈鹕科,197.6,25,5.7495,0.6618,NT,0.15,Decreasing,6.56
4656,仙八色鸫,Pitta nympha,雀形目,八色鸫科,474.1,18,5.0381,1.1765,VU,0.35,Decreasing,6.56
4353,彩鹬,Rostratula benghalensis,鸻形目,彩鹬科,185.4,24,5.7979,0.7353,LC,0.0,Unknown,6.53
4914,双斑绿柳莺,Phylloscopus plumbeitarsus,雀形目,柳莺科,127.7,28,6.0706,0.4412,LC,0.0,Decreasing,6.51
4208,中杜鹃,Cuculus saturatus,鹃形目,杜鹃科,107.8,30,6.1888,0.2941,LC,0.0,Decreasing,6.48
4280,彩鹮,Plegadis falcinellus,鹈形目,鹮科,198.8,24,5.7448,0.7353,LC,0.0,Stable,6.48
5496,红颈苇鹀,Emberiza yessoensis,雀形目,鹀科,317.7,21,5.3745,0.9559,NT,0.15,Decreasing,6.48
4181,短嘴金丝燕,Aerodramus brevirostris,夜鹰目,雨燕科,291.9,20,5.4433,1.0294,LC,0.0,Stable,6.47
4829,斑背大尾莺,Helopsaltes pryeri,雀形目,蝗莺科,417.1,16,5.1477,1.3235,NT,0.0,Increasing,6.47
4620,棕腹啄木鸟,Dendrocopos hyperythrus,啄木鸟目,啄木鸟科,144.9,28,5.9798,0.4412,LC,0.0,Decreasing,6.42
5497,芦鹀,Emberiza schoeniclus,雀形目,鹀科,197.8,25,5.7487,0.6618,LC,0.0,Decreasing,6.41
4830,小蝗莺,Helopsaltes certhiola,雀形目,蝗莺科,114.7,31,6.1459,0.2206,LC,0.0,Decreasing,6.37
5011,红胁绣眼鸟,Zosterops erythropleurus,雀形目,绣眼鸟科,103.2,32,6.2186,0.1471,LC,0.0,Decreasing,6.37
4195,红翅凤头鹃,Clamator coromandus,鹃形目,杜鹃科,217.3,25,5.6767,0.6618,LC,0.0,Decreasing,6.34
4352,东方鸻,Charadrius veredus,鸻形目,鸻科,216.2,25,5.6805,0.6618,LC,0.0,Stable,6.34
4633,灰背隼,Falco columbarius,隼形目,隼科,163.8,28,5.8900,0.4412,LC,0.0,Stable,6.33
4378,小滨鹬,Calidris minuta,鸻形目,鹬科,122.1,31,6.1020,0.2206,LC,0.0,Increasing,6.32
4750,方尾鹟,Culicicapa ceylonensis,雀形目,玉鹟科,182.5,27,5.8095,0.5147,LC,0.0,Decreasing,6.32
4833,矛斑蝗莺,Locustella lanceolata,雀形目,蝗莺科,221.5,25,5.6617,0.6618,LC,0.0,Unknown,6.32
4306,黄嘴白鹭,Egretta eulophotes,鹈形目,鹭科,807.0,15,4.5631,1.3971,VU,0.35,Decreasing,6.31
4485,短耳鸮,Asio flammeus,鸮形目,鸱鸮科,112.6,32,6.1591,0.1471,LC,0.0,Decreasing,6.31
4743,秃鼻乌鸦,Corvus frugilegus,雀形目,鸦科,192.1,27,5.7708,0.5147,LC,0.0,Decreasing,6.29
4284,紫背苇鳽,Ixobrychus eurhythmus,鹈形目,鹭科,183.2,28,5.8069,0.4412,LC,0.0,Decreasing,6.25
5476,铁爪鹀,Calcarius lapponicus,雀形目,铁爪鹀科,351.5,21,5.2913,0.9559,LC,0.0,Decreasing,6.25
5332,太平鸟,Bombycilla garrulus,雀形目,太平鸟科,355.7,21,5.2814,0.9559,LC,0.0,Decreasing,6.24
5294,红胸姬鹟,Ficedula parva,雀形目,鹟科,252.5,25,5.5590,0.6618,LC,0.0,Increasing,6.22
4756,煤山雀,Periparus ater,雀形目,山雀科,196.0,28,5.7555,0.4412,LC,0.0,Stable,6.20
4925,黑眉柳莺,Phylloscopus ricketti,雀形目,柳莺科,318.1,23,5.3733,0.8088,LC,0.0,Decreasing,6.18
4093,红胸秋沙鸭,Mergus serrator,雁形目,鸭科,186.3,29,5.7939,0.3676,LC,0.0,Stable,6.16
4860,领雀嘴鹎,Spizixos semitorques,雀形目,鹎科,298.5,24,5.4251,0.7353,LC,0.0,Decreasing,6.16
5499,黄胸鹀,Emberiza aureola,雀形目,鹀科,590.8,30,4.8455,0.2941,CR,1.0,Decreasing,6.14
4210,小杜鹃,Cuculus poliocephalus,鹃形目,杜鹃科,195.1,29,5.7592,0.3676,LC,0.0,Decreasing,6.13
4383,半蹼鹬,Limnodromus semipalmatus,鸻形目,鹬科,312.1,25,5.3891,0.6618,NT,0.075,Unknown,6.13
4724,红嘴蓝鹊,Urocissa erythroryncha,雀形目,鸦科,217.7,28,5.6752,0.4412,LC,0.0,Stable,6.12
5392,山鹡鸰,Dendronanthus indicus,雀形目,鹡鸰科,202.0,29,5.7326,0.3676,LC,0.0,Decreasing,6.10
4363,大滨鹬,Calidris tenuirostris,鸻形目,鹬科,969.4,19,4.3919,1.1029,EN,0.6,Decreasing,6.09
4161,红翅绿鸠,Treron sieboldii,鸽形目,鸠鸽科,711.2,15,4.6788,1.3971,LC,0.0,Decreasing,6.08
4365,流苏鹬,Calidris pugnax,鸻形目,鹬科,142.7,33,5.9912,0.0735,LC,0.0,Decreasing,6.06
4089,鹊鸭,Bucephala clangula,雁形目,鸭科,195.7,30,5.7569,0.2941,LC,0.0,Stable,6.05
4364,红腹滨鹬,Calidris canutus,鸻形目,鹬科,536.5,21,4.9304,0.9559,NT,0.15,Decreasing,6.04
4545,灰脸鵟鹰,Butastur indicus,鹰形目,鹰科,228.1,29,5.6391,0.3676,LC,0.0,Decreasing,6.01
4744,小嘴乌鸦,Corvus corone,雀形目,鸦科,157.2,33,5.9204,0.0735,LC,0.0,Stable,5.99
4079,鸿雁,Anser cygnoides,雁形目,鸭科,296.6,27,5.4304,0.5147,LC,0.0,Unknown,5.95
4090,斑头秋沙鸭,Mergellus albellus,雁形目,鸭科,269.9,28,5.5062,0.4412,LC,0.0,Unknown,5.95
4393,红颈瓣蹼鹬,Phalaropus lobatus,鸻形目,鹬科,192.2,32,5.7707,0.1471,LC,0.0,Decreasing,5.92
4357,小杓鹬,Numenius minutus,鸻形目,鹬科,444.6,23,5.0934,0.8088,LC,0.0,Decreasing,5.90
4390,大沙锥,Gallinago megala,鸻形目,鹬科,313.0,27,5.3868,0.5147,LC,0.0,Unknown,5.90
4894,巨嘴柳莺,Phylloscopus schwarzi,雀形目,柳莺科,222.1,31,5.6594,0.2206,LC,0.0,Decreasing,5.88
4344,长嘴剑鸻,Charadrius placidus,鸻形目,鸻科,186.5,33,5.7932,0.0735,LC,0.0,Unknown,5.87
5420,普通朱雀,Carpodacus erythrinus,雀形目,燕雀科,203.6,32,5.7266,0.1471,LC,0.0,Decreasing,5.87
4237,灰鹤,Grus grus,鹤形目,鹤科,206.8,32,5.7146,0.1471,LC,0.0,Increasing,5.86
5317,白喉矶鸫,Monticola gularis,雀形目,鹟科,309.2,28,5.3966,0.4412,LC,0.0,Decreasing,5.84
4529,苍鹰,Accipiter gentilis,鹰形目,鹰科,239.0,31,5.6024,0.2206,LC,0.0,Unknown,5.82
4202,大鹰鹃,Hierococcyx sparverioides,鹃形目,杜鹃科,248.1,31,5.5732,0.2206,LC,0.0,Decreasing,5.79
4747,大嘴乌鸦,Corvus macrorhynchos,雀形目,鸦科,205.3,33,5.7202,0.0735,LC,0.0,Decreasing,5.79
4359,大杓鹬,Numenius madagascariensis,鸻形目,鹬科,1069.0,22,4.2991,0.8824,EN,0.6,Decreasing,5.78
4716,楔尾伯劳,Lanius sphenocercus,雀形目,伯劳科,331.5,28,5.3395,0.4412,LC,0.0,Stable,5.78
4547,大鵟,Buteo hemilasius,鹰形目,鹰科,365.8,27,5.2582,0.5147,LC,0.0,Stable,5.77
5409,黄头鹡鸰,Motacilla citreola,雀形目,鹡鸰科,215.6,33,5.6825,0.0735,LC,0.0,Increasing,5.76
4526,日本松雀鹰,Accipiter gularis,鹰形目,鹰科,261.5,31,5.5313,0.2206,LC,0.0,Stable,5.75
4701,寿带,Terpsiphone incei,雀形目,王鹟科,376.6,27,5.2339,0.5147,LC,0.0,Stable,5.75
4360,斑尾塍鹬,Limosa lapponica,鸻形目,鹬科,640.2,23,4.7737,0.8088,NT,0.15,Decreasing,5.73
4632,红脚隼,Falco amurensis,隼形目,隼科,247.1,32,5.5761,0.1471,LC,0.0,Stable,5.72
4881,黑短脚鹎,Hypsipetes leucocephalus,雀形目,鹎科,558.9,23,4.8945,0.8088,LC,0.0,Decreasing,5.70
5417,锡嘴雀,Coccothraustes coccothraustes,雀形目,燕雀科,475.3,25,5.0360,0.6618,LC,0.0,Increasing,5.70
4196,噪鹃,Eudynamys scolopaceus,鹃形目,杜鹃科,311.3,30,5.3910,0.2941,LC,0.0,Stable,5.69
5182,白眉地鸫,Geokichla sibirica,雀形目,鸫科,487.2,25,5.0146,0.6618,LC,0.0,Decreasing,5.68
4437,小黑背银鸥,Larus fuscus,鸻形目,鸥科,418.9,27,5.1441,0.5147,LC,0.0,Increasing,5.66
4534,鹊鹞,Circus melanoleucos,鹰形目,鹰科,323.0,30,5.3609,0.2941,LC,0.0,Decreasing,5.66
4502,凤头蜂鹰,Pernis ptilorhynchus,鹰形目,鹰科,232.9,34,5.6225,0.0000,LC,0.0,Decreasing,5.62
4439,红嘴巨燕鸥,Hydroprogne caspia,鸻形目,鸥科,461.2,27,5.0618,0.5147,LC,0.0,Increasing,5.58
4846,崖沙燕,Riparia riparia,雀形目,燕科,271.6,33,5.5012,0.0735,LC,0.0,Decreasing,5.57
4525,赤腹鹰,Accipiter soloensis,鹰形目,鹰科,397.4,29,5.1886,0.3676,LC,0.0,Decreasing,5.56
5505,栗鹀,Emberiza rutila,雀形目,鹀科,456.6,28,5.0704,0.4412,LC,0.0,Unknown,5.51
4062,鹌鹑,Coturnix japonica,鸡形目,雉科,508.4,29,4.9774,0.3676,NT,0.15,Decreasing,5.50
4421,黑嘴鸥,Saundersilarus saundersi,鸻形目,鸥科,1601.8,17,3.9043,1.2500,VU,0.35,Decreasing,5.50
5419,黑头蜡嘴雀,Eophona personata,雀形目,燕雀科,548.4,26,4.9112,0.5882,LC,0.0,Stable,5.50
4274,东方白鹳,Ciconia boyciana,鹳形目,鹳科,781.7,30,4.5923,0.2941,EN,0.6,Decreasing,5.49
4078,灰雁,Anser anser,雁形目,鸭科,365.8,31,5.2582,0.2206,LC,0.0,Increasing,5.48
4729,灰树鹊,Dendrocitta formosae,雀形目,鸦科,660.5,24,4.7457,0.7353,LC,0.0,Decreasing,5.48
4864,红耳鹎,Pycnonotus jocosus,雀形目,鹎科,1085.6,18,4.2844,1.1765,LC,0.0,Decreasing,5.46
4951,鳞头树莺,Urosphena squameiceps,雀形目,树莺科,529.7,27,4.9417,0.5147,LC,0.0,Decreasing,5.46
4676,灰山椒鸟,Pericrocotus divaricatus,雀形目,山椒鸟科,530.8,27,4.9399,0.5147,LC,0.0,Decreasing,5.45
4238,白头鹤,Grus monacha,鹤形目,鹤科,809.2,22,4.5605,0.8824,VU,0.0,Increasing,5.44
4702,紫寿带,Terpsiphone atrocaudata,雀形目,王鹟科,1405.1,15,4.0342,1.3971,LC,0.0,Stable,5.43
4692,灰卷尾,Dicrurus leucophaeus,雀形目,卷尾科,473.3,29,5.0395,0.3676,LC,0.0,Unknown,5.41
4374,三趾滨鹬,Calidris alba,鸻形目,鹬科,671.0,25,4.7314,0.6618,LC,0.0,Decreasing,5.39
5180,紫翅椋鸟,Sturnus vulgaris,雀形目,椋鸟科,313.1,34,5.3865,0.0000,LC,0.0,Decreasing,5.39
4186,白腰雨燕,Apus pacificus,夜鹰目,雨燕科,315.3,34,5.3807,0.0000,LC,0.0,Stable,5.38
4810,黑眉苇莺,Acrocephalus bistrigiceps,雀形目,苇莺科,375.0,32,5.2374,0.1471,LC,0.0,Stable,5.38
4682,暗灰鹃鵙,Lalage melaschistos,雀形目,山椒鸟科,594.9,27,4.8393,0.5147,LC,0.0,Decreasing,5.35
4354,水雉,Hydrophasianus chirurgus,鸻形目,水雉科,576.6,28,4.8670,0.4412,LC,0.0,Unknown,5.31
4482,红角鸮,Otus sunia,鸮形目,鸱鸮科,491.7,30,5.0065,0.2941,LC,0.0,Stable,5.30
4703,虎纹伯劳,Lanius tigrinus,雀形目,伯劳科,631.6,27,4.7859,0.5147,LC,0.0,Decreasing,5.30
4081,短嘴豆雁,Anser serrirostris,雁形目,鸭科,543.9,29,4.9185,0.3676,LC,0.0,Unknown,5.29
4468,日本鹰鸮,Ninox japonica,鸮形目,鸱鸮科,703.7,26,4.6884,0.5882,LC,0.0,Stable,5.28
4578,斑鱼狗,Ceryle rudis,佛法僧目,翠鸟科,1136.2,20,4.2408,1.0294,LC,0.0,Unknown,5.27
4704,牛头伯劳,Lanius bucephalus,雀形目,伯劳科,512.2,30,4.9710,0.2941,LC,0.0,Decreasing,5.27
4082,白额雁,Anser albifrons,雁形目,鸭科,400.1,33,5.1829,0.0735,LC,0.0,Unknown,5.26
4362,翻石鹬,Arenaria interpres,鸻形目,鹬科,730.9,26,4.6539,0.5882,LC,0.0,Decreasing,5.24
4369,弯嘴滨鹬,Calidris ferruginea,鸻形目,鹬科,495.8,33,4.9993,0.0735,NT,0.15,Decreasing,5.22
4348,蒙古沙鸻,Charadrius mongolus,鸻形目,鸻科,1784.2,23,3.7960,0.8088,EN,0.6,Decreasing,5.20
4385,丘鹬,Scolopax rusticola,鸻形目,鹬科,395.3,34,5.1932,0.0000,LC,0.0,Unknown,5.19
4696,发冠卷尾,Dicrurus hottentottus,雀形目,卷尾科,559.6,30,4.8934,0.2941,LC,0.0,Decreasing,5.19
4941,强脚树莺,Horornis fortipes,雀形目,树莺科,774.1,26,4.6014,0.5882,LC,0.0,Decreasing,5.19
5259,蓝喉歌鸲,Luscinia svecica,雀形目,鹟科,513.4,31,4.9689,0.2206,LC,0.0,Stable,5.19
4389,针尾沙锥,Gallinago stenura,鸻形目,鹬科,474.5,32,5.0373,0.1471,LC,0.0,Unknown,5.18
4366,阔嘴鹬,Calidris falcinellus,鸻形目,鹬科,797.6,26,4.5738,0.5882,LC,0.0,Decreasing,5.16
4935,棕脸鹟莺,Abroscopus albogularis,雀形目,树莺科,698.0,28,4.6958,0.4412,LC,0.0,Decreasing,5.14
4292,绿鹭,Butorides striata,鹈形目,鹭科,551.4,31,4.9064,0.2206,LC,0.0,Stable,5.13
5255,红尾歌鸲,Larvivora sibilans,雀形目,鹟科,766.4,27,4.6106,0.5147,LC,0.0,Decreasing,5.13
5001,震旦鸦雀,Paradoxornis heudei,雀形目,鸦雀科,2413.7,14,3.4858,1.4706,NT,0.15,Decreasing,5.11
4429,普通海鸥,Larus canus,鸻形目,鸥科,488.9,33,5.0116,0.0735,LC,0.0,Unknown,5.09
4678,小灰山椒鸟,Pericrocotus cantonensis,雀形目,山椒鸟科,1106.2,23,4.2664,0.8088,LC,0.0,Decreasing,5.08
4634,燕隼,Falco subbuteo,隼形目,隼科,496.9,33,4.9974,0.0735,LC,0.0,Decreasing,5.07
4112,花脸鸭,Sibirionetta formosa,雁形目,鸭科,569.6,32,4.8778,0.1471,LC,0.0,Stable,5.02
4398,灰尾漂鹬,Tringa brevipes,鸻形目,鹬科,1274.7,23,4.1295,0.8088,NT,0.075,Stable,5.01
4096,赤麻鸭,Tadorna ferruginea,雁形目,鸭科,548.2,33,4.9115,0.0735,LC,0.0,Increasing,4.99
4215,普通秧鸡,Rallus indicus,鹤形目,秧鸡科,653.4,31,4.7553,0.2206,LC,0.0,Unknown,4.98
4070,小天鹅,Cygnus columbianus,雁形目,鸭科,773.5,29,4.6020,0.3676,LC,0.0,Stable,4.97
5396,红喉鹨,Anthus cervinus,雀形目,鹡鸰科,609.9,32,4.8171,0.1471,LC,0.0,Stable,4.96
4171,普通夜鹰,Caprimulgus jotaka,夜鹰目,夜鹰科,681.6,31,4.7173,0.2206,LC,0.0,Decreasing,4.94
5285,黄眉姬鹟,Ficedula narcissina,雀形目,鹟科,1590.5,20,3.9113,1.0294,LC,0.0,Decreasing,4.94
4370,青脚滨鹬,Calidris temminckii,鸻形目,鹬科,599.1,33,4.8330,0.0735,LC,0.0,Unknown,4.91
5254,蓝歌鸲,Larvivora cyane,雀形目,鹟科,718.4,31,4.6696,0.2206,LC,0.0,Decreasing,4.89
5400,水鹨,Anthus spinoletta,雀形目,鹡鸰科,670.1,32,4.7327,0.1471,LC,0.0,Stable,4.88
4105,白眼潜鸭,Aythya nyroca,雁形目,鸭科,742.3,33,4.6397,0.0735,NT,0.15,Decreasing,4.86
4536,黑鸢,Milvus migrans,鹰形目,鹰科,582.8,34,4.8575,0.0000,LC,0.0,Stable,4.86
5333,小太平鸟,Bombycilla japonica,雀形目,太平鸟科,874.0,31,4.4891,0.2206,NT,0.15,Decreasing,4.86
5245,铜蓝鹟,Eumyias thalassinus,雀形目,鹟科,1027.0,27,4.3373,0.5147,LC,0.0,Decreasing,4.85
4080,豆雁,Anser fabalis,雁形目,鸭科,698.3,32,4.6954,0.1471,LC,0.0,Decreasing,4.84
5295,红喉姬鹟,Ficedula albicilla,雀形目,鹟科,595.6,34,4.8381,0.0000,LC,0.0,Decreasing,4.84
4596,斑姬啄木鸟,Picumnus innominatus,啄木鸟目,啄木鸟科,1679.2,21,3.8570,0.9559,LC,0.0,Decreasing,4.81
4091,普通秋沙鸭,Mergus merganser,雁形目,鸭科,873.9,30,4.4891,0.2941,LC,0.0,Unknown,4.78
5375,斑文鸟,Lonchura punctulata,雀形目,梅花雀科,1863.6,20,3.7519,1.0294,LC,0.0,Increasing,4.78
4444,白额燕鸥,Sternula albifrons,鸻形目,鸥科,755.7,32,4.6234,0.1471,LC,0.0,Decreasing,4.77
4367,尖尾滨鹬,Calidris acuminata,鸻形目,鹬科,1195.6,31,4.1916,0.2206,VU,0.35,Decreasing,4.76
4192,小鸦鹃,Centropus bengalensis,鹃形目,杜鹃科,1440.0,24,4.0100,0.7353,LC,0.0,Increasing,4.75
4281,大麻鳽,Botaurus stellaris,鹈形目,鹭科,772.1,32,4.6036,0.1471,LC,0.0,Stable,4.75
4428,黑尾鸥,Larus crassirostris,鸻形目,鸥科,1784.9,21,3.7956,0.9559,LC,0.0,Stable,4.75
4615,星头啄木鸟,Picoides canicapillus,啄木鸟目,啄木鸟科,918.6,30,4.4425,0.2941,LC,0.0,Decreasing,4.74
5264,红喉歌鸲,Calliope calliope,雀形目,鹟科,762.3,33,4.6154,0.0735,LC,0.0,Unknown,4.69
5506,黄眉鹀,Emberiza chrysophrys,雀形目,鹀科,1226.9,27,4.1666,0.5147,LC,0.0,Unknown,4.68
4528,雀鹰,Accipiter nisus,鹰形目,鹰科,779.5,33,4.5950,0.0735,LC,0.0,Stable,4.67
4395,翘嘴鹬,Xenus cinereus,鸻形目,鹬科,1463.3,25,3.9942,0.6618,LC,0.0,Decreasing,4.66
4276,黑脸琵鹭,Platalea minor,鹈形目,鹮科,3059.5,19,3.2356,1.1029,EN,0.3,Stable,4.64
4781,云雀,Alauda arvensis,雀形目,百灵科,953.6,31,4.4074,0.2206,LC,0.0,Decreasing,4.63
4919,淡脚柳莺,Phylloscopus tenellipes,雀形目,柳莺科,1518.3,25,3.9576,0.6618,LC,0.0,Decreasing,4.62
5195,乌灰鸫,Turdus cardis,雀形目,鸫科,1429.2,26,4.0174,0.5882,LC,0.0,Unknown,4.61
5086,白颊噪鹛,Pterorhinus sannio,雀形目,噪鹛科,2250.0,20,3.5588,1.0294,LC,0.0,Stable,4.59
4147,火斑鸠,Streptopelia tranquebarica,鸽形目,鸠鸽科,1151.1,30,4.2282,0.2941,LC,0.0,Decreasing,4.52
4572,三宝鸟,Eurystomus orientalis,佛法僧目,佛法僧科,1246.2,29,4.1514,0.3676,LC,0.0,Unknown,4.52
4099,鸳鸯,Aix galericulata,雁形目,鸭科,1080.1,31,4.2892,0.2206,LC,0.0,Decreasing,4.51
4358,白腰杓鹬,Numenius arquata,鸻形目,鹬科,1103.4,33,4.2689,0.0735,NT,0.15,Decreasing,4.49
4594,蚁䴕,Jynx torquilla,啄木鸟目,啄木鸟科,876.5,34,4.4863,0.0000,LC,0.0,Stable,4.49
4625,大斑啄木鸟,Dendrocopos major,啄木鸟目,啄木鸟科,1115.2,31,4.2586,0.2206,LC,0.0,Decreasing,4.48
4371,长趾滨鹬,Calidris subminuta,鸻形目,鹬科,966.3,33,4.3950,0.0735,LC,0.0,Decreasing,4.47
4341,金鸻,Pluvialis fulva,鸻形目,鸻科,925.0,34,4.4361,0.0000,LC,0.0,Decreasing,4.44
4299,草鹭,Ardea purpurea,鹈形目,鹭科,1031.3,33,4.3333,0.0735,LC,0.0,Decreasing,4.41
4408,普通燕鸻,Glareola maldivarum,鸻形目,燕鸻科,1143.2,32,4.2349,0.1471,LC,0.0,Stable,4.38
4780,小云雀,Alauda gulgula,雀形目,百灵科,1657.3,27,3.8702,0.5147,LC,0.0,Decreasing,4.38
5314,蓝矶鸫,Monticola solitarius,雀形目,鹟科,1003.8,34,4.3590,0.0000,LC,0.0,Unknown,4.36
4454,白翅浮鸥,Chlidonias leucopterus,鸻形目,鸥科,1036.8,34,4.3283,0.0000,LC,0.0,Decreasing,4.33
4335,灰头麦鸡,Vanellus cinereus,鸻形目,鸻科,1124.4,33,4.2508,0.0735,LC,0.0,Stable,4.32
4350,铁嘴沙鸻,Charadrius leschenaultii,鸻形目,鸻科,1229.3,32,4.1648,0.1471,LC,0.0,Decreasing,4.31
5087,黑脸噪鹛,Pterorhinus perspicillatus,雀形目,噪鹛科,2738.3,21,3.3534,0.9559,LC,0.0,Stable,4.31
4403,红脚鹬,Tringa totanus,鸻形目,鹬科,1071.4,34,4.2969,0.0000,LC,0.0,Decreasing,4.30
4777,中华攀雀,Remiz consobrinus,雀形目,攀雀科,2085.7,25,3.6369,0.6618,LC,0.0,Increasing,4.30
4108,斑背潜鸭,Aythya marila,雁形目,鸭科,1353.8,31,4.0707,0.2206,LC,0.0,Decreasing,4.29
5224,乌鹟,Muscicapa sibirica,雀形目,鹟科,1188.5,33,4.1974,0.0735,LC,0.0,Decreasing,4.27
5284,白眉姬鹟,Ficedula zanthopygia,雀形目,鹟科,1735.0,28,3.8242,0.4412,LC,0.0,Decreasing,4.27
5402,田鹨,Anthus richardi,雀形目,鹡鸰科,1202.5,33,4.1861,0.0735,LC,0.0,Stable,4.26
5223,灰纹鹟,Muscicapa griseisticta,雀形目,鹟科,2111.2,26,3.6245,0.5882,LC,0.0,Stable,4.21
5482,栗耳鹀,Emberiza fucata,雀形目,鹀科,1596.6,30,3.9076,0.2941,LC,0.0,Unknown,4.20
4127,黑颈䴙䴘,Podiceps nigricollis,䴙䴘目,䴙䴘科,1401.4,32,4.0368,0.1471,LC,0.0,Unknown,4.18
4954,银喉长尾山雀,Aegithalos glaucogularis,雀形目,长尾山雀科,3112.3,21,3.2173,0.9559,LC,0.0,Stable,4.17
5205,白眉鸫,Turdus obscurus,雀形目,鸫科,1358.3,33,4.0674,0.0735,LC,0.0,Decreasing,4.14
5331,戴菊,Regulus regulus,雀形目,戴菊科,1978.5,28,3.6910,0.4412,LC,0.0,Decreasing,4.13
4662,黑枕黄鹂,Oriolus chinensis,雀形目,黄鹂科,1514.9,32,3.9598,0.1471,LC,0.0,Decreasing,4.11
5292,鸲姬鹟,Ficedula mugimaki,雀形目,鹟科,2403.5,26,3.4902,0.5882,LC,0.0,Decreasing,4.08
4691,黑卷尾,Dicrurus macrocercus,雀形目,卷尾科,1611.6,32,3.8982,0.1471,LC,0.0,Unknown,4.05
4405,泽鹬,Tringa stagnatilis,鸻形目,鹬科,1670.8,32,3.8621,0.1471,LC,0.0,Decreasing,4.01
5067,画眉,Garrulax canorus,雀形目,噪鹛科,2941.7,24,3.2774,0.7353,LC,0.0,Unknown,4.01
4342,灰鸻,Pluvialis squatarola,鸻形目,鸻科,1735.5,32,3.8239,0.1471,LC,0.0,Decreasing,3.97
4856,金腰燕,Cecropis daurica,雀形目,燕科,1614.4,33,3.8965,0.0735,LC,0.0,Increasing,3.97
5210,红尾斑鸫,Turdus naumanni,雀形目,鸫科,1865.0,31,3.7511,0.2206,LC,0.0,Unknown,3.97
5321,东亚石䳭,Saxicola stejnegeri,雀形目,鹟科,2003.5,30,3.6782,0.2941,LC,0.0,Unknown,3.97
4283,黄斑苇鳽,Ixobrychus sinensis,鹈形目,鹭科,1760.3,32,3.8096,0.1471,LC,0.0,Unknown,3.96
4110,白眉鸭,Spatula querquedula,雁形目,鸭科,1522.5,34,3.9549,0.0000,LC,0.0,Decreasing,3.95
4795,棕扇尾莺,Cisticola juncidis,雀形目,扇尾莺科,2530.0,27,3.4366,0.5147,LC,0.0,Unknown,3.95
4420,红嘴鸥,Chroicocephalus ridibundus,鸻形目,鸥科,1671.1,33,3.8619,0.0735,LC,0.0,Unknown,3.94
5498,苇鹀,Emberiza pallasi,雀形目,鹀科,2446.4,28,3.4717,0.4412,LC,0.0,Stable,3.91
4899,褐柳莺,Phylloscopus fuscatus,雀形目,柳莺科,1604.3,34,3.9027,0.0000,LC,0.0,Stable,3.90
5500,田鹀,Emberiza rustica,雀形目,鹀科,3235.4,29,3.1757,0.3676,VU,0.35,Decreasing,3.89
4498,黑翅鸢,Elanus caeruleus,鹰形目,鹰科,2740.0,27,3.3527,0.5147,LC,0.0,Stable,3.87
4808,东方大苇莺,Acrocephalus orientalis,雀形目,苇莺科,1775.2,33,3.8011,0.0735,LC,0.0,Decreasing,3.87
5507,白眉鹀,Emberiza tristrami,雀形目,鹀科,2728.2,27,3.3573,0.5147,LC,0.0,Decreasing,3.87
4453,灰翅浮鸥,Chlidonias hybrida,鸻形目,鸥科,1806.4,33,3.7835,0.0735,LC,0.0,Unknown,3.86
4333,凤头麦鸡,Vanellus vanellus,鸻形目,鸻科,1960.1,34,3.7005,0.0000,NT,0.15,Decreasing,3.85
4638,游隼,Falco peregrinus,隼形目,隼科,1690.0,34,3.8506,0.0000,LC,0.0,Increasing,3.85
5243,白腹蓝鹟,Cyanoptila cyanomelana,雀形目,鹟科,2778.1,27,3.3381,0.5147,LC,0.0,Decreasing,3.85
4532,白尾鹞,Circus cyaneus,鹰形目,鹰科,1854.9,33,3.7567,0.0735,LC,0.0,Decreasing,3.83
4102,红头潜鸭,Aythya ferina,雁形目,鸭科,2649.4,33,3.3882,0.0735,VU,0.35,Decreasing,3.81
4373,红颈滨鹬,Calidris ruficollis,鸻形目,鹬科,2530.6,31,3.4364,0.2206,NT,0.15,Decreasing,3.81
4497,鹗,Pandion haliaetus,鹰形目,鹗科,1884.4,33,3.7407,0.0735,LC,0.0,Increasing,3.81
4361,黑尾塍鹬,Limosa limosa,鸻形目,鹬科,2213.9,33,3.5755,0.0735,NT,0.15,Decreasing,3.80
4206,四声杜鹃,Cuculus micropterus,鹃形目,杜鹃科,1983.4,33,3.6884,0.0735,LC,0.0,Decreasing,3.76
4940,远东树莺,Horornis canturians,雀形目,树莺科,2652.0,29,3.3871,0.3676,LC,0.0,Stable,3.75
4095,翘鼻麻鸭,Tadorna tadorna,雁形目,鸭科,2216.2,32,3.5744,0.1471,LC,0.0,Increasing,3.72
5374,白腰文鸟,Lonchura striata,雀形目,梅花雀科,4211.9,23,2.8887,0.8088,LC,0.0,Stable,3.70
4207,大杜鹃,Cuculus canorus,鹃形目,杜鹃科,2339.9,32,3.5181,0.1471,LC,0.0,Stable,3.67
4922,极北柳莺,Phylloscopus borealis,雀形目,柳莺科,2165.6,33,3.5983,0.0735,LC,0.0,Stable,3.67
4451,普通燕鸥,Sterna hirundo,鸻形目,鸥科,2224.0,33,3.5708,0.0735,LC,0.0,Unknown,3.64
4757,黄腹山雀,Pardaliparus venustulus,雀形目,山雀科,2750.1,30,3.3489,0.2941,LC,0.0,Decreasing,3.64
4438,鸥嘴噪鸥,Gelochelidon nilotica,鸻形目,鸥科,2610.6,31,3.4037,0.2206,LC,0.0,Decreasing,3.62
4904,冕柳莺,Phylloscopus coronatus,雀形目,柳莺科,2838.8,31,3.3152,0.2206,LC,0.0,Decreasing,3.54
4225,白胸苦恶鸟,Amaurornis phoenicurus,鹤形目,秧鸡科,3053.2,30,3.2378,0.2941,LC,0.0,Unknown,3.53
4705,红尾伯劳,Lanius cristatus,雀形目,伯劳科,2313.5,34,3.5299,0.0000,LC,0.0,Decreasing,3.53
5494,黄喉鹀,Emberiza elegans,雀形目,鹀科,3465.3,29,3.1017,0.3676,LC,0.0,Stable,3.47
5398,黄腹鹨,Anthus rubescens,雀形目,鹡鸰科,3183.9,31,3.1929,0.2206,LC,0.0,Decreasing,3.41
4404,林鹬,Tringa glareola,鸻形目,鹬科,2740.4,34,3.3526,0.0000,LC,0.0,Unknown,3.35
4114,赤膀鸭,Mareca strepera,雁形目,鸭科,2973.1,33,3.2661,0.0735,LC,0.0,Stable,3.34
4356,中杓鹬,Numenius phaeopus,鸻形目,鹬科,2779.7,34,3.3375,0.0000,LC,0.0,Decreasing,3.34
4523,凤头鹰,Accipiter trivirgatus,鹰形目,鹰科,4250.8,28,2.8786,0.4412,LC,0.0,Decreasing,3.32
4115,赤颈鸭,Mareca penelope,雁形目,鸭科,2854.9,34,3.3092,0.0000,LC,0.0,Increasing,3.31
4397,白腰草鹬,Tringa ochropus,鸻形目,鹬科,2864.6,34,3.3056,0.0000,LC,0.0,Stable,3.31
4955,红头长尾山雀,Aegithalos concinnus,雀形目,长尾山雀科,5238.4,25,2.6458,0.6618,LC,0.0,Decreasing,3.31
4121,针尾鸭,Anas acuta,雁形目,鸭科,3151.5,33,3.2039,0.0735,LC,0.0,Decreasing,3.28
5187,虎斑地鸫,Zoothera aurea,雀形目,鸫科,2922.1,34,3.2845,0.0000,LC,0.0,Decreasing,3.28
4401,鹤鹬,Tringa erythropus,鸻形目,鹬科,3021.9,34,3.2488,0.0000,LC,0.0,Decreasing,3.25
4331,反嘴鹬,Recurvirostra avosetta,鸻形目,反嘴鹬科,3058.5,34,3.2359,0.0000,LC,0.0,Unknown,3.24
5408,灰鹡鸰,Motacilla cinerea,雀形目,鹡鸰科,3268.2,33,3.1649,0.0735,LC,0.0,Stable,3.24
5413,燕雀,Fringilla montifringilla,雀形目,燕雀科,3593.5,32,3.0624,0.1471,LC,0.0,Decreasing,3.21
5501,小鹀,Emberiza pusilla,雀形目,鹀科,3370.7,33,3.1316,0.0735,LC,0.0,Unknown,3.21
5475,黄雀,Spinus spinus,雀形目,燕雀科,3721.0,32,3.0245,0.1471,LC,0.0,Stable,3.17
5171,黑领椋鸟,Gracupica nigricollis,雀形目,椋鸟科,8236.7,20,2.1258,1.0294,LC,0.0,Increasing,3.16
4345,金眶鸻,Charadrius dubius,鸻形目,鸻科,3303.1,34,3.1534,0.0000,LC,0.0,Decreasing,3.15
4301,中白鹭,Ardea intermedia,鹈形目,鹭科,4065.7,32,2.9276,0.1471,LC,0.0,Decreasing,3.07
4107,凤头潜鸭,Aythya fuligula,雁形目,鸭科,3877.3,33,2.9795,0.0735,LC,0.0,Decreasing,3.05
4548,普通鵟,Buteo japonicus,鹰形目,鹰科,3704.8,34,3.0292,0.0000,LC,0.0,Unknown,3.03
4332,黑翅长脚鹬,Himantopus himantopus,鸻形目,反嘴鹬科,3793.5,34,3.0034,0.0000,LC,0.0,Stable,3.00
4391,扇尾沙锥,Gallinago gallinago,鸻形目,鹬科,3883.8,34,2.9777,0.0000,LC,0.0,Decreasing,2.98
4275,白琵鹭,Platalea leucorodia,鹈形目,鹮科,3961.8,34,2.9560,0.0000,LC,0.0,Increasing,2.96
4531,白腹鹞,Circus spilonotus,鹰形目,鹰科,4274.1,33,2.8725,0.0735,LC,0.0,Stable,2.95
5407,黄鹡鸰,Motacilla tschutschensis,雀形目,鹡鸰科,4508.5,33,2.8134,0.0735,LC,0.0,Decreasing,2.89
5211,斑鸫,Turdus eunomus,雀形目,鸫科,4608.2,33,2.7892,0.0735,LC,0.0,Unknown,2.86
4113,罗纹鸭,Mareca falcata,雁形目,鸭科,5033.0,33,2.6907,0.0735,NT,0.075,Stable,2.84
5225,北灰鹟,Muscicapa dauurica,雀形目,鹟科,4717.2,33,2.7631,0.0735,LC,0.0,Decreasing,2.84
4346,环颈鸻,Charadrius alexandrinus,鸻形目,鸻科,4541.1,34,2.8054,0.0000,LC,0.0,Decreasing,2.81
4375,黑腹滨鹬,Calidris alpina,鸻形目,鹬科,4706.7,34,2.7656,0.0000,LC,0.0,Decreasing,2.77
4111,琵嘴鸭,Spatula clypeata,雁形目,鸭科,4734.2,34,2.7591,0.0000,LC,0.0,Decreasing,2.76
4125,凤头䴙䴘,Podiceps cristatus,䴙䴘目,䴙䴘科,5949.7,32,2.5017,0.1471,LC,0.0,Unknown,2.65
4296,牛背鹭,Bubulcus coromandus,鹈形目,鹭科,5729.9,33,2.5445,0.0735,LC,0.0,Unknown,2.62
4434,西伯利亚银鸥,Larus vegae,鸻形目,鸥科,5745.4,33,2.5414,0.0735,LC,0.0,Unknown,2.61
4040,环颈雉,Phasianus colchicus,鸡形目,雉科,6727.5,31,2.3610,0.2206,LC,0.0,Unknown,2.58
4120,绿头鸭,Anas platyrhynchos,雁形目,鸭科,5991.4,33,2.4937,0.0735,LC,0.0,Decreasing,2.57
4887,黄眉柳莺,Phylloscopus inornatus,雀形目,柳莺科,5871.2,34,2.5168,0.0000,LC,0.0,Stable,2.52
5206,白腹鸫,Turdus pallidus,雀形目,鸫科,11282.6,24,1.7517,0.7353,LC,0.0,Decreasing,2.49
5463,金翅雀,Chloris sinica,雀形目,燕雀科,6931.5,33,2.3266,0.0735,LC,0.0,Stable,2.40
4294,池鹭,Ardeola bacchus,鹈形目,鹭科,6674.9,34,2.3700,0.0000,LC,0.0,Stable,2.37
4804,纯色山鹪莺,Prinia inornata,雀形目,扇尾莺科,11703.8,26,1.7075,0.5882,LC,0.0,Stable,2.30
4122,绿翅鸭,Anas crecca,雁形目,鸭科,7179.1,34,2.2860,0.0000,LC,0.0,Unknown,2.29
4402,青脚鹬,Tringa nebularia,鸻形目,鹬科,7223.3,34,2.2789,0.0000,LC,0.0,Stable,2.28
5192,灰背鸫,Turdus hortulorum,雀形目,鸫科,9933.7,29,1.9044,0.3676,LC,0.0,Unknown,2.27
4396,矶鹬,Actitis hypoleucos,鸻形目,鹬科,7588.2,34,2.2216,0.0000,LC,0.0,Stable,2.22
4321,普通鸬鹚,Phalacrocorax carbo,鲣鸟目,鸬鹚科,7736.4,34,2.1991,0.0000,LC,0.0,Increasing,2.20
4630,红隼,Falco tinnunculus,隼形目,隼科,7974.7,34,2.1637,0.0000,LC,0.0,Decreasing,2.16
5169,丝光椋鸟,Spodiopsar sericeus,雀形目,椋鸟科,10254.5,30,1.8664,0.2941,LC,0.0,Stable,2.16
4300,大白鹭,Ardea alba,鹈形目,鹭科,9298.6,34,1.9829,0.0000,LC,0.0,Stable,1.98
5395,树鹨,Anthus hodgsoni,雀形目,鹡鸰科,9587.1,34,1.9466,0.0000,LC,0.0,Unknown,1.95
4892,黄腰柳莺,Phylloscopus proregulus,雀形目,柳莺科,10216.7,33,1.8708,0.0735,LC,0.0,Decreasing,1.94
4118,斑嘴鸭,Anas zonorhyncha,雁形目,鸭科,11712.0,33,1.7066,0.0735,LC,0.0,Decreasing,1.78
4560,戴胜,Upupa epops,犀鸟目,戴胜科,11696.5,33,1.7082,0.0735,LC,0.0,Decreasing,1.78
5013,暗绿绣眼鸟,Zosterops simplex,雀形目,绣眼鸟科,12941.4,32,1.5854,0.1471,LC,0.0,Decreasing,1.73
4575,普通翠鸟,Alcedo atthis,佛法僧目,翠鸟科,11956.9,34,1.6816,0.0000,LC,0.0,Decreasing,1.68
4721,灰喜鹊,Cyanopica cyanus,雀形目,鸦科,15691.8,30,1.3486,0.2941,LC,0.0,Decreasing,1.64
4848,家燕,Hirundo rustica,雀形目,燕科,12521.3,34,1.6256,0.0000,LC,0.0,Decreasing,1.63
4986,棕头鸦雀,Sinosuthora webbiana,雀形目,鸦雀科,16664.4,30,1.2738,0.2941,LC,0.0,Unknown,1.57
5502,灰头鹀,Emberiza spodocephala,雀形目,鹀科,14233.8,33,1.4689,0.0735,LC,0.0,Unknown,1.54
5272,红胁蓝尾鸲,Tarsiger cyanurus,雀形目,鹟科,13538.2,34,1.5304,0.0000,LC,0.0,Unknown,1.53
4145,山斑鸠,Streptopelia orientalis,鸽形目,鸠鸽科,14465.8,34,1.4490,0.0000,LC,0.0,Decreasing,1.45
5220,鹊鸲,Copsychus saularis,雀形目,鹟科,27391.6,23,0.6423,0.8088,LC,0.0,Stable,1.45
4230,白骨顶,Fulica atra,鹤形目,秧鸡科,15594.0,34,1.3563,0.0000,LC,0.0,Increasing,1.36
5418,黑尾蜡嘴雀,Eophona migratoria,雀形目,燕雀科,18634.1,31,1.1341,0.2206,LC,0.0,Decreasing,1.35
4297,苍鹭,Ardea cinerea,鹈形目,鹭科,16626.9,34,1.2766,0.0000,LC,0.0,Unknown,1.28
5308,北红尾鸲,Phoenicurus auroreus,雀形目,鹟科,17871.8,33,1.1865,0.0735,LC,0.0,Stable,1.26
5170,灰椋鸟,Spodiopsar cineraceus,雀形目,椋鸟科,17362.4,34,1.2227,0.0000,LC,0.0,Unknown,1.22
5164,八哥,Acridotheres cristatellus,雀形目,椋鸟科,23945.8,30,0.8157,0.2941,LC,0.0,Stable,1.11
4229,黑水鸡,Gallinula chloropus,鹤形目,秧鸡科,23523.5,34,0.8385,0.0000,LC,0.0,Decreasing,0.84
4290,夜鹭,Nycticorax nycticorax,鹈形目,鹭科,23821.4,34,0.8223,0.0000,LC,0.0,Unknown,0.82
5411,白鹡鸰,Motacilla alba,雀形目,鹡鸰科,23919.3,34,0.8171,0.0000,LC,0.0,Stable,0.82
4770,大山雀,Parus minor,雀形目,山雀科,25443.0,33,0.7377,0.0735,LC,0.0,Unknown,0.81
4734,喜鹊,Pica serica,雀形目,鸦科,28274.5,33,0.6012,0.0735,LC,0.0,Unknown,0.67
4123,小䴙䴘,Tachybaptus ruficollis,䴙䴘目,䴙䴘科,27967.7,34,0.6153,0.0000,LC,0.0,Unknown,0.62
4711,棕背伯劳,Lanius schach,雀形目,伯劳科,35364.9,30,0.3079,0.2941,LC,0.0,Unknown,0.60
5383,麻雀,Passer montanus,雀形目,雀科,31179.9,34,0.4736,0.0000,LC,0.0,Unknown,0.47
4304,白鹭,Egretta garzetta,鹈形目,鹭科,34596.8,33,0.3369,0.0735,LC,0.0,Stable,0.41
5199,乌鸫,Turdus mandarinus,雀形目,鸫科,43379.3,31,0.0358,0.2206,LC,0.0,Stable,0.26
4866,白头鹎,Pycnonotus sinensis,雀形目,鹎科,42867.0,32,0.0517,0.1471,LC,0.0,Increasing,0.20
4148,珠颈斑鸠,Spilopelia chinensis,鸽形目,鸠鸽科,44549.1,33,0.0000,0.0735,LC,0.0,Increasing,0.08
